id, type, count, accessories
8000, Male, 5, Cigarette / Cap / Mustache / Rosy Cheeks / VR
8001, Female, 3, Gold Chain / Mohawk / Regular Shades
8002, Male, 3, Shadow Beard / Wild Hair / Mole
8003, Male, 3, Hoodie / Goat / Regular Shades
8004, Male, 2, Peak Spike / Chinstrap
8005, Male, 3, Messy Hair / Mustache / Pipe
8006, Male, 3, Frumpy Hair / Clown Nose / 3D Glasses
8007, Female, 4, Knitted Cap / Purple Eye Shadow / Hot Lipstick / Earring
8008, Male, 3, Handlebars / Police Cap / Nerd Glasses
8009, Female, 2, Clown Eyes Green / Wild Blonde
8010, Female, 2, Orange Side / Hot Lipstick
8011, Male, 3, Chinstrap / Classic Shades / Do-rag
8012, Male, 3, Clown Nose / Fedora / Goat
8013, Male, 3, Cigarette / Normal Beard Black / Wild Hair
8014, Male, 3, Front Beard / Police Cap / Earring
8015, Male, 3, Front Beard / Cap Forward / Big Shades
8016, Male, 3, Luxurious Beard / Crazy Hair / Medical Mask
8017, Male, 3, Eye Mask / Earring / Top Hat
8018, Female, 2, Crazy Hair / Hot Lipstick
8019, Male, 4, Frown / Earring / Knitted Cap / Regular Shades
8020, Female, 3, Big Shades / Blonde Short / Hot Lipstick
8021, Male, 2, Mohawk Thin / Gold Chain
8022, Male, 3, Cap / Shadow Beard / Clown Eyes Green
8023, Female, 4, Clown Nose / Blue Eye Shadow / Black Lipstick / Pigtails
8024, Female, 2, Tassle Hat / Pipe
8025, Male, 3, Eye Mask / Luxurious Beard / Crazy Hair
8026, Male, 3, Vape / Knitted Cap / Smile
8027, Female, 4, Messy Hair / Big Shades / Purple Lipstick / Earring
8028, Male, 3, Mohawk Thin / Big Shades / Pipe
8029, Female, 3, Mole / Messy Hair / Earring
8030, Female, 3, Vape / Wild White Hair / Earring
8031, Male, 3, Cigarette / Muttonchops / Do-rag
8032, Female, 4, Mole / Clown Eyes Green / Wild Hair / Earring
8033, Male, 2, Cap Forward / 3D Glasses
8034, Female, 3, Spots / Dark Hair / Earring
8035, Female, 5, Mole / Hot Lipstick / Dark Hair / Earring / Cigarette
8036, Male, 4, Peak Spike / Rosy Cheeks / Smile / Small Shades
8037, Female, 4, Mole / Blue Eye Shadow / Black Lipstick / Frumpy Hair
8038, Female, 3, Red Mohawk / Blue Eye Shadow / Purple Lipstick
8039, Female, 3, Messy Hair / Eye Patch / Hot Lipstick
8040, Male, 4, Bandana / Silver Chain / Earring / Eye Patch
8041, Male, 4, Eye Mask / Spots / Mustache / Clown Hair Green
8042, Male, 2, Police Cap / Pipe
8043, Female, 2, Big Shades / Stringy Hair
8044, Female, 3, Orange Side / Big Shades / Hot Lipstick
8045, Male, 3, Earring / Clown Hair Green / Big Beard
8046, Male, 2, Fedora / Eye Patch
8047, Male, 4, Luxurious Beard / Fedora / Earring / Horned Rim Glasses
8048, Male, 2, Chinstrap / Shaved Head
8049, Male, 2, Normal Beard / Headband
8050, Male, 4, Shadow Beard / Earring / Nerd Glasses / Headband
8051, Male, 3, Messy Hair / Handlebars / Clown Eyes Green
8052, Male, 3, Mustache / Knitted Cap / Eye Patch
8053, Male, 2, Mustache / Top Hat
8054, Female, 2, Blue Eye Shadow / Bandana
8055, Female, 3, Straight Hair / Hot Lipstick / Clown Eyes Blue
8056, Male, 4, Clown Nose / Luxurious Beard / VR / Mohawk Dark
8057, Female, 4, Black Lipstick / Half Shaved / VR / Cigarette
8058, Female, 3, Straight Hair / Hot Lipstick / Regular Shades
8059, Male, 2, Fedora / Goat
8060, Female, 4, Big Shades / Bandana / Earring / Cigarette
8061, Male, 3, Eye Mask / Front Beard Dark / Fedora
8062, Male, 3, Eye Mask / Muttonchops / Mohawk Dark
8063, Female, 3, Choker / Purple Lipstick / Blonde Bob
8064, Male, 3, Cigarette / Fedora / Nerd Glasses
8065, Male, 4, Vampire Hair / Gold Chain / Earring / Regular Shades
8066, Female, 3, Orange Side / Hot Lipstick / Classic Shades
8067, Male, 3, Goat / Knitted Cap / Mole
8068, Male, 3, Eye Mask / Normal Beard Black / Crazy Hair
8069, Male, 3, Frumpy Hair / Handlebars / Small Shades
8070, Male, 3, Peak Spike / Shadow Beard / 3D Glasses
8071, Male, 4, Vampire Hair / Muttonchops / Silver Chain / Nerd Glasses
8072, Male, 4, Police Cap / Mustache / Earring / Nerd Glasses
8073, Male, 3, Cigarette / Cap / Horned Rim Glasses
8074, Male, 3, Cigarette / Fedora / Small Shades
8075, Male, 3, Knitted Cap / Small Shades / Mole
8076, Female, 3, Cap / Pipe / Green Eye Shadow
8077, Female, 3, Cap / Eye Patch / Purple Lipstick
8078, Male, 2, Frumpy Hair / Muttonchops
8079, Male, 5, Cigarette / Front Beard / Horned Rim Glasses / Smile / Do-rag
8080, Male, 4, Cigarette / Messy Hair / Shadow Beard / Earring
8081, Male, 3, Clown Nose / Normal Beard / Do-rag
8082, Male, 3, Normal Beard / Regular Shades / Cowboy Hat
8083, Male, 3, Front Beard / Purple Hair / Mole
8084, Male, 2, Clown Eyes Blue / Normal Beard
8085, Male, 3, Hoodie / Regular Shades / Big Beard
8086, Male, 4, Cigarette / Bandana / Frown / Horned Rim Glasses
8087, Male, 3, Frumpy Hair / Clown Nose / Shadow Beard
8088, Male, 2, Silver Chain / Wild Hair
8089, Female, 3, Mole / Black Lipstick / Straight Hair Dark
8090, Male, 3, Big Shades / Mustache / Mohawk Dark
8091, Female, 2, Knitted Cap / Regular Shades
8092, Female, 3, Eye Patch / Frumpy Hair / Cigarette
8093, Male, 3, Mohawk Thin / Front Beard Dark / Horned Rim Glasses
8094, Female, 3, Hot Lipstick / Wild Blonde / Nerd Glasses
8095, Male, 3, Vampire Hair / Shadow Beard / Eye Patch
8096, Female, 2, Welding Goggles / Half Shaved
8097, Female, 3, Blue Eye Shadow / Black Lipstick / Frumpy Hair
8098, Male, 3, Frumpy Hair / Luxurious Beard / Earring
8099, Male, 2, Cap / Small Shades
8100, Male, 2, Chinstrap / Top Hat
8101, Male, 5, Stringy Hair / Frown / Chinstrap / Earring / Mole
8102, Male, 3, Shadow Beard / Wild Hair / VR
8103, Male, 3, Bandana / Front Beard Dark / VR
8104, Male, 2, Stringy Hair / Luxurious Beard
8105, Female, 4, Black Lipstick / Choker / Pigtails / Rosy Cheeks
8106, Male, 3, Handlebars / Earring / Knitted Cap
8107, Male, 3, Stringy Hair / Frown / Earring
8108, Male, 3, Frumpy Hair / Normal Beard Black / Earring
8109, Male, 3, Cigarette / Front Beard / Messy Hair
8110, Female, 2, Purple Eye Shadow / Mohawk Dark
8111, Male, 2, Vampire Hair / VR
8112, Male, 4, Cap / Nerd Glasses / Normal Beard / Mole
8113, Male, 2, Messy Hair / Eye Mask
8114, Male, 2, Eye Mask / Crazy Hair
8115, Female, 3, Black Lipstick / Headband / VR
8116, Male, 3, Cigarette / Normal Beard / Mohawk
8117, Male, 2, Muttonchops / Cowboy Hat
8118, Male, 3, Big Shades / Front Beard Dark / Do-rag
8119, Female, 3, Black Lipstick / Horned Rim Glasses / Frumpy Hair
8120, Male, 4, Stringy Hair / Front Beard / Clown Nose / Frown
8121, Male, 3, Chinstrap / Horned Rim Glasses / Mohawk
8122, Male, 2, Shadow Beard / Earring
8123, Male, 3, Do-rag / Small Shades / Big Beard
8124, Male, 3, Eye Patch / Big Beard / Mohawk Dark
8125, Male, 3, Stringy Hair / Chinstrap / 3D Glasses
8126, Female, 3, Red Mohawk / Clown Eyes Green / Purple Lipstick
8127, Zombie, 1, Headband
8128, Female, 2, Wild Blonde / VR
8129, Male, 3, Eye Mask / Luxurious Beard / Do-rag
8130, Male, 3, Stringy Hair / Silver Chain / Nerd Glasses
8131, Male, 3, Frumpy Hair / Normal Beard / VR
8132, Male, 3, Peak Spike / Front Beard Dark / Clown Eyes Green
8133, Female, 2, Cap / Purple Lipstick
8134, Female, 2, Pink With Hat / Hot Lipstick
8135, Male, 3, Earring / Nerd Glasses / Shaved Head
8136, Male, 3, Frown / Mohawk Thin / Nerd Glasses
8137, Female, 2, Half Shaved / Nerd Glasses
8138, Male, 3, Handlebars / Earring / Small Shades
8139, Male, 3, Vampire Hair / Earring / Goat
8140, Female, 3, Straight Hair / Classic Shades / Cigarette
8141, Female, 2, Rosy Cheeks / Mohawk Dark
8142, Female, 3, Green Eye Shadow / Mohawk Thin / Purple Lipstick
8143, Male, 3, Bandana / Chinstrap / Earring
8144, Male, 2, Stringy Hair / Mole
8145, Male, 3, Stringy Hair / Luxurious Beard / Classic Shades
8146, Male, 2, Beanie / Cigarette
8147, Female, 3, Crazy Hair / Purple Lipstick / Cigarette
8148, Female, 2, Purple Eye Shadow / Blonde Short
8149, Female, 2, Purple Eye Shadow / Straight Hair Blonde
8150, Female, 2, Green Eye Shadow / Stringy Hair
8151, Male, 3, Front Beard Dark / Headband / Small Shades
8152, Male, 6, Luxurious Beard / Gold Chain / Earring / Knitted Cap / Smile / Eye Patch
8153, Male, 3, Stringy Hair / Clown Nose / Goat
8154, Female, 2, Vape / Knitted Cap
8155, Male, 3, Shadow Beard / Fedora / Eye Patch
8156, Male, 3, Eye Mask / Mohawk Thin / Chinstrap
8157, Male, 4, Front Beard / Classic Shades / Earring / Headband
8158, Male, 4, Cigarette / Big Shades / Front Beard Dark / Do-rag
8159, Male, 3, Normal Beard Black / Horned Rim Glasses / Headband
8160, Male, 3, Muttonchops / 3D Glasses / Mohawk Dark
8161, Male, 3, Handlebars / VR / Do-rag
8162, Female, 2, Black Lipstick / Pilot Helmet
8163, Male, 4, Normal Beard Black / Peak Spike / Earring / Horned Rim Glasses
8164, Female, 3, Blue Eye Shadow / Half Shaved / Purple Lipstick
8165, Male, 2, Vape / Crazy Hair
8166, Female, 3, Big Shades / Headband / Hot Lipstick
8167, Female, 3, Spots / Clown Eyes Green / Crazy Hair
8168, Female, 2, Red Mohawk / Classic Shades
8169, Female, 3, Red Mohawk / Blue Eye Shadow / Earring
8170, Male, 3, Luxurious Beard / Wild Hair / Nerd Glasses
8171, Male, 4, Eye Mask / Frown / Earring / Knitted Cap
8172, Female, 4, Messy Hair / Purple Lipstick / Earring / Clown Eyes Blue
8173, Female, 4, Purple Eye Shadow / Hot Lipstick / Stringy Hair / Earring
8174, Male, 3, Frown / Big Shades / Mohawk
8175, Male, 2, Frumpy Hair / Pipe
8176, Female, 3, Green Eye Shadow / Mohawk Thin / Rosy Cheeks
8177, Male, 2, Clown Eyes Blue / Mohawk
8178, Male, 2, Chinstrap / Headband
8179, Male, 4, Luxurious Beard / Frown / Vape / Headband
8180, Male, 3, Frumpy Hair / Shadow Beard / Small Shades
8181, Male, 3, Shadow Beard / Earring / Top Hat
8182, Male, 3, Clown Nose / Cap / Handlebars
8183, Female, 3, Straight Hair Blonde / Purple Lipstick / Earring
8184, Female, 3, Pipe / Big Shades / Blonde Bob
8185, Male, 2, Messy Hair / Regular Shades
8186, Male, 3, Spots / Shadow Beard / Wild Hair
8187, Female, 5, Tassle Hat / Hot Lipstick / VR / Earring / Cigarette
8188, Male, 3, Normal Beard / Small Shades / Cowboy Hat
8189, Male, 3, Messy Hair / Normal Beard / Small Shades
8190, Female, 3, Red Mohawk / Blue Eye Shadow / Black Lipstick
8191, Male, 5, Normal Beard Black / Frown / Top Hat / 3D Glasses / Mole
8192, Male, 3, Handlebars / Headband / Small Shades
8193, Female, 3, Big Shades / Black Lipstick / Blonde Short
8194, Female, 5, Gold Chain / Purple Eye Shadow / Purple Lipstick / Earring / Blonde Bob
8195, Male, 4, Front Beard / Spots / Earring / Crazy Hair
8196, Female, 2, Cap / Blue Eye Shadow
8197, Male, 4, Handlebars / Vape / Earring / Mohawk
8198, Male, 2, Front Beard / Headband
8199, Male, 3, Muttonchops / Knitted Cap / Eye Patch
8200, Male, 4, Cigarette / Eye Mask / Fedora / Mustache
8201, Female, 4, Vape / Blue Eye Shadow / Wild Hair / Earring
8202, Male, 2, Police Cap / Spots
8203, Female, 3, Mole / Purple Eye Shadow / Straight Hair
8204, Male, 3, Handlebars / Crazy Hair / Eye Patch
8205, Male, 3, Front Beard / Messy Hair / Big Shades
8206, Female, 2, Medical Mask / Stringy Hair
8207, Male, 3, Messy Hair / Vape / 3D Glasses
8208, Male, 3, Clown Eyes Blue / Goat / Mohawk Dark
8209, Female, 2, Bandana / Eye Patch
8210, Male, 2, Crazy Hair / Big Beard
8211, Male, 2, Cap / Mole
8212, Male, 3, Earring / Goat / Headband
8213, Male, 2, Frown / Knitted Cap
8214, Male, 2, Luxurious Beard / Do-rag
8215, Male, 3, Mohawk Thin / Chinstrap / Small Shades
8216, Male, 3, Vampire Hair / Chinstrap / Small Shades
8217, Female, 4, Clown Nose / Welding Goggles / Crazy Hair / Purple Lipstick
8218, Female, 3, Tassle Hat / Black Lipstick / Eye Patch
8219, Ape, 1, Knitted Cap
8220, Female, 4, Tassle Hat / Vape / Eye Mask / Hot Lipstick
8221, Female, 2, Mohawk / 3D Glasses
8222, Male, 5, Cigarette / Luxurious Beard / Peak Spike / Earring / 3D Glasses
8223, Male, 2, Fedora / Mustache
8224, Female, 2, Wild Hair / Nerd Glasses
8225, Male, 3, Cap Forward / 3D Glasses / Big Beard
8226, Male, 3, Fedora / Earring / Goat
8227, Male, 2, Crazy Hair / Small Shades
8228, Female, 3, Purple Eye Shadow / Wild Blonde / Earring
8229, Female, 4, Black Lipstick / Green Eye Shadow / Crazy Hair / Earring
8230, Female, 3, Orange Side / Blue Eye Shadow / Purple Lipstick
8231, Male, 3, Messy Hair / Eye Mask / Smile
8232, Male, 2, Normal Beard Black / Peak Spike
8233, Male, 3, Cap / Goat / Small Shades
8234, Male, 4, Cigarette / Earring / Do-rag / Mole
8235, Female, 3, Red Mohawk / Classic Shades / Earring
8236, Male, 4, Cigarette / Earring / Knitted Cap / Small Shades
8237, Male, 2, Vampire Hair / Shadow Beard
8238, Male, 2, Mohawk Thin / Vape
8239, Female, 4, Pipe / Eye Mask / Black Lipstick / Bandana
8240, Female, 3, Mohawk / Earring / Nerd Glasses
8241, Female, 4, Mole / Black Lipstick / Tiara / Regular Shades
8242, Male, 4, Gold Chain / Earring / Eye Patch / Mohawk Dark
8243, Female, 3, Blue Eye Shadow / Pigtails / Earring
8244, Male, 3, Peak Spike / Earring / Smile
8245, Male, 3, Bandana / Muttonchops / Regular Shades
8246, Male, 3, Horned Rim Glasses / Pipe / Shaved Head
8247, Male, 4, Handlebars / Earring / Regular Shades / Mohawk Dark
8248, Female, 5, Clown Nose / Blue Eye Shadow / Black Lipstick / Frumpy Hair / Earring
8249, Female, 3, Black Lipstick / Bandana / Purple Eye Shadow
8250, Male, 3, Cigarette / Clown Hair Green / Eye Patch
8251, Female, 2, Pipe / Pilot Helmet
8252, Female, 2, Crazy Hair / Cigarette
8253, Male, 2, Normal Beard / Cowboy Hat
8254, Female, 3, Mole / Purple Eye Shadow / Wild Blonde
8255, Female, 3, Mole / Big Shades / Straight Hair Blonde
8256, Male, 4, Cigarette / Shadow Beard / Earring / Mohawk
8257, Male, 3, Luxurious Beard / Knitted Cap / Regular Shades
8258, Male, 4, Cap Forward / Earring / Nerd Glasses / Big Beard
8259, Male, 3, Handlebars / Fedora / Horned Rim Glasses
8260, Female, 3, Black Lipstick / Tiara / Earring
8261, Female, 3, Red Mohawk / Purple Lipstick / Cigarette
8262, Male, 3, Earring / Smile / Shaved Head
8263, Female, 2, Rosy Cheeks / Earring
8264, Male, 3, Earring / Crazy Hair / Eye Patch
8265, Female, 4, Big Shades / Pigtails / Purple Lipstick / Earring
8266, Male, 3, Mohawk Thin / Mustache / Regular Shades
8267, Female, 2, Eye Patch / Wild Blonde
8268, Female, 3, Clown Hair Green / Hot Lipstick / Nerd Glasses
8269, Female, 3, Red Mohawk / Earring / Cigarette
8270, Male, 3, Cap / Nerd Glasses / Pipe
8271, Female, 3, Bandana / Green Eye Shadow / Purple Lipstick
8272, Male, 2, Chinstrap / Headband
8273, Male, 2, Goat / Crazy Hair
8274, Male, 3, Eye Mask / Cap / Chinstrap
8275, Female, 2, Green Eye Shadow / Frumpy Hair
8276, Female, 3, Silver Chain / Wild Blonde / Earring
8277, Male, 3, Hoodie / Small Shades / Mole
8278, Male, 3, Cap / Chinstrap / VR
8279, Female, 3, Purple Eye Shadow / Half Shaved / Earring
8280, Male, 4, Cigarette / Bandana / Clown Eyes Blue / Normal Beard Black
8281, Male, 3, Nerd Glasses / Goat / Do-rag
8282, Female, 3, Wild White Hair / Classic Shades / Purple Lipstick
8283, Male, 3, Mohawk Thin / Muttonchops / Eye Patch
8284, Female, 3, Mohawk / Earring / 3D Glasses
8285, Male, 3, Cigarette / Normal Beard / Mohawk Dark
8286, Female, 2, Headband / 3D Glasses
8287, Female, 4, Blue Eye Shadow / Straight Hair / Hot Lipstick / Cigarette
8288, Male, 3, Peak Spike / Classic Shades / Goat
8289, Male, 4, Vampire Hair / Cigarette / Big Shades / Goat
8290, Female, 3, Mole / Wild White Hair / VR
8291, Male, 3, Earring / Horned Rim Glasses / Mohawk Dark
8292, Male, 2, Handlebars / Headband
8293, Female, 2, Hot Lipstick / Wild Blonde
8294, Male, 3, Classic Shades / Knitted Cap / Pipe
8295, Male, 3, Messy Hair / Luxurious Beard / Classic Shades
8296, Female, 2, Black Lipstick / Dark Hair
8297, Male, 2, Cap Forward / Chinstrap
8298, Female, 4, Black Lipstick / Green Eye Shadow / Crazy Hair / Cigarette
8299, Female, 2, Choker / Dark Hair
8300, Female, 3, Tassle Hat / Horned Rim Glasses / Hot Lipstick
8301, Male, 3, Earring / Smile / Eye Patch
8302, Male, 4, Cap Forward / Handlebars / Big Shades / Earring
8303, Male, 3, Fedora / Nerd Glasses / Normal Beard
8304, Male, 3, Front Beard / Purple Hair / Horned Rim Glasses
8305, Male, 4, Cigarette / Clown Nose / Hoodie / 3D Glasses
8306, Male, 2, Do-rag / Regular Shades
8307, Zombie, 2, Stringy Hair / Mustache
8308, Female, 3, Knitted Cap / Black Lipstick / Horned Rim Glasses
8309, Female, 2, Knitted Cap / Big Shades
8310, Female, 3, Bandana / Eye Patch / Earring
8311, Male, 2, Headband / 3D Glasses
8312, Male, 3, Frown / Purple Hair / Earring
8313, Male, 3, Cigarette / Muttonchops / Top Hat
8314, Female, 3, Clown Nose / Mohawk Thin / Earring
8315, Male, 3, Cap / Earring / Pipe
8316, Female, 3, Blue Eye Shadow / Half Shaved / Cigarette
8317, Male, 3, Luxurious Beard / Classic Shades / Cowboy Hat
8318, Male, 2, Bandana / Handlebars
8319, Male, 3, Chinstrap / Earring / Knitted Cap
8320, Female, 3, Tassle Hat / Gold Chain / Rosy Cheeks
8321, Female, 2, Blue Eye Shadow / Blonde Short
8322, Male, 3, Stringy Hair / Front Beard / Regular Shades
8323, Female, 4, Clown Nose / Frumpy Hair / Purple Lipstick / Nerd Glasses
8324, Male, 3, Luxurious Beard / Mohawk Thin / Nerd Glasses
8325, Male, 3, Buck Teeth / Earring / Clown Hair Green
8326, Female, 4, Black Lipstick / Green Eye Shadow / Mohawk Thin / Earring
8327, Male, 3, Big Shades / Goat / Knitted Cap
8328, Male, 3, Cigarette / Hoodie / Gold Chain
8329, Male, 2, Wild Hair / Pipe
8330, Female, 3, Vape / Purple Lipstick / Mohawk Dark
8331, Female, 3, Bandana / Regular Shades / Earring
8332, Male, 3, Peak Spike / Earring / Goat
8333, Male, 2, Frumpy Hair / VR
8334, Male, 3, Muttonchops / Fedora / Classic Shades
8335, Male, 3, Bandana / Mustache / Horned Rim Glasses
8336, Male, 2, Clown Eyes Blue / Wild Hair
8337, Male, 3, Crazy Hair / Smile / Small Shades
8338, Male, 3, Big Shades / Vape / Knitted Cap
8339, Male, 3, Bandana / Earring / Mole
8340, Male, 3, Goat / Pipe / Mohawk
8341, Male, 3, Muttonchops / Earring / Shaved Head
8342, Male, 3, Front Beard / Silver Chain / Knitted Cap
8343, Male, 4, Cigarette / Messy Hair / Muttonchops / Small Shades
8344, Male, 4, Normal Beard Black / Big Shades / Earring / Clown Hair Green
8345, Female, 3, Black Lipstick / Green Eye Shadow / Half Shaved
8346, Male, 4, Cigarette / Clown Eyes Blue / Knitted Cap / Smile
8347, Female, 2, Red Mohawk / Earring
8348, Male, 7, Cigarette / Buck Teeth / Classic Shades / Earring / Top Hat / Big Beard / Mole
8349, Female, 3, Welding Goggles / Crazy Hair / Purple Lipstick
8350, Female, 2, Mole / Pilot Helmet
8351, Female, 3, Mole / Mohawk / Earring
8352, Female, 3, Cap / Blue Eye Shadow / Earring
8353, Male, 3, Cigarette / Luxurious Beard / Crazy Hair
8354, Female, 3, Blue Eye Shadow / Hot Lipstick / Dark Hair
8355, Male, 2, Cigarette / Mohawk
8356, Female, 2, Mohawk Dark / Nerd Glasses
8357, Male, 4, Vampire Hair / Front Beard / Clown Nose / Earring
8358, Male, 2, Messy Hair / Eye Patch
8359, Male, 3, Hoodie / Big Shades / Front Beard Dark
8360, Female, 3, Gold Chain / Green Eye Shadow / Stringy Hair
8361, Male, 3, Police Cap / Muttonchops / Classic Shades
8362, Male, 2, Messy Hair / Smile
8363, Female, 3, Clown Eyes Green / Straight Hair / Hot Lipstick
8364, Female, 3, Welding Goggles / Stringy Hair / Purple Lipstick
8365, Female, 3, Wild White Hair / 3D Glasses / Cigarette
8366, Male, 3, Shadow Beard / Shaved Head / Eye Patch
8367, Male, 3, Cigarette / Knitted Cap / Eye Patch
8368, Male, 3, Earring / Clown Hair Green / 3D Glasses
8369, Male, 3, Hoodie / Earring / Smile
8370, Male, 2, Chinstrap / Regular Shades
8371, Male, 1, Mustache
8372, Male, 3, Stringy Hair / Big Shades / Chinstrap
8373, Male, 2, Mohawk Thin / Smile
8374, Female, 4, Wild Blonde / Purple Lipstick / Earring / Clown Eyes Blue
8375, Male, 3, Mohawk Thin / Earring / Regular Shades
8376, Female, 4, Black Lipstick / Headband / Earring / Nerd Glasses
8377, Male, 3, Luxurious Beard / Do-rag / Small Shades
8378, Male, 3, Clown Nose / Horned Rim Glasses / Mohawk
8379, Male, 3, Stringy Hair / Eye Mask / Handlebars
8380, Male, 2, Earring / VR
8381, Male, 2, Bandana / Muttonchops
8382, Male, 3, Cigarette / Nerd Glasses / Crazy Hair
8383, Male, 3, Mohawk Thin / Goat / Eye Patch
8384, Male, 2, Mohawk Thin / Spots
8385, Male, 4, Frumpy Hair / Frown / Silver Chain / Mole
8386, Zombie, 2, Classic Shades / Crazy Hair
8387, Female, 4, Clown Eyes Green / Purple Lipstick / Earring / Blonde Bob
8388, Male, 3, Classic Shades / Normal Beard / Mohawk
8389, Male, 3, Cap Forward / Frown / Mustache
8390, Male, 4, Stringy Hair / Frown / Nerd Glasses / Goat
8391, Male, 2, Big Shades / Knitted Cap
8392, Female, 2, Orange Side / Black Lipstick
8393, Male, 3, Cigarette / Crazy Hair / Smile
8394, Female, 3, Big Shades / Purple Lipstick / Blonde Bob
8395, Male, 3, Silver Chain / Shaved Head / Big Beard
8396, Male, 2, Stringy Hair / Mole
8397, Female, 2, Mole / Straight Hair Dark
8398, Male, 3, Peak Spike / Handlebars / Pipe
8399, Female, 4, Black Lipstick / Purple Eye Shadow / Frumpy Hair / Earring
8400, Female, 4, Big Shades / Gold Chain / Bandana / Hot Lipstick
8401, Male, 3, Bandana / Handlebars / 3D Glasses
8402, Male, 3, Eye Mask / Big Beard / Cowboy Hat
8403, Male, 1, Classic Shades
8404, Male, 3, Hoodie / Vape / Goat
8405, Female, 3, Tassle Hat / Big Shades / Cigarette
8406, Female, 3, Headband / Purple Lipstick / Earring
8407, Male, 4, Cigarette / Fedora / Normal Beard / VR
8408, Male, 3, Cigarette / Muttonchops / Mohawk Dark
8409, Male, 3, Muttonchops / Shaved Head / Eye Patch
8410, Male, 3, Front Beard / Earring / Cowboy Hat
8411, Female, 2, Clown Eyes Green / Clown Hair Green
8412, Male, 4, Chinstrap / Wild Hair / Vape / Nerd Glasses
8413, Male, 2, Fedora / Smile
8414, Female, 2, Wild Blonde / Purple Lipstick
8415, Male, 2, Stringy Hair / Clown Eyes Green
8416, Female, 4, Tassle Hat / Blue Eye Shadow / Purple Lipstick / Earring
8417, Female, 2, Mole / Wild White Hair
8418, Female, 3, Green Eye Shadow / Hot Lipstick / Half Shaved
8419, Female, 2, Mole / Blonde Short
8420, Female, 2, Tiara / Cigarette
8421, Female, 3, Regular Shades / Wild Hair / Purple Lipstick
8422, Male, 4, Cigarette / Muttonchops / Earring / Mohawk
8423, Male, 3, Normal Beard Black / Earring / Knitted Cap
8424, Female, 2, Bandana / Clown Eyes Blue
8425, Female, 4, Black Lipstick / Purple Eye Shadow / Mohawk Thin / Earring
8426, Female, 3, Welding Goggles / Wild Blonde / Purple Lipstick
8427, Male, 4, Normal Beard Black / Peak Spike / Earring / Eye Patch
8428, Female, 3, Blonde Short / Earring / Clown Eyes Blue
8429, Male, 3, Stringy Hair / Normal Beard Black / Horned Rim Glasses
8430, Male, 3, Frown / Small Shades / Mohawk Dark
8431, Female, 3, Clown Nose / Purple Lipstick / Blonde Bob
8432, Male, 5, Cigarette / Shadow Beard / Earring / Eye Patch / Mole
8433, Male, 3, Mohawk Thin / Classic Shades / Mole
8434, Female, 3, Eye Mask / Purple Lipstick / Straight Hair Dark
8435, Male, 2, Nerd Glasses / Mohawk Dark
8436, Female, 2, Bandana / Horned Rim Glasses
8437, Female, 2, Gold Chain / Bandana
8438, Female, 4, Mole / Blue Eye Shadow / Mohawk Dark / Cigarette
8439, Female, 3, Messy Hair / Choker / Hot Lipstick
8440, Female, 4, Eye Patch / Hot Lipstick / Half Shaved / Earring
8441, Male, 3, Wild Hair / Goat / Small Shades
8442, Male, 2, Eye Mask / Peak Spike
8443, Male, 4, Cigarette / Earring / Normal Beard / Crazy Hair
8444, Male, 3, Muttonchops / Horned Rim Glasses / Shaved Head
8445, Male, 4, Hoodie / Big Shades / Normal Beard / Smile
8446, Male, 4, Bandana / Classic Shades / Earring / Goat
8447, Female, 3, Messy Hair / Gold Chain / Rosy Cheeks
8448, Male, 4, Frumpy Hair / Frown / Goat / Small Shades
8449, Male, 2, Nerd Glasses / Mohawk Dark
8450, Female, 3, Headband / Hot Lipstick / Clown Eyes Blue
8451, Male, 3, Messy Hair / Earring / Regular Shades
8452, Male, 2, Muttonchops / Cowboy Hat
8453, Male, 3, Eye Mask / Muttonchops / Knitted Cap
8454, Female, 2, Horned Rim Glasses / Straight Hair Blonde
8455, Male, 3, Police Cap / Muttonchops / Clown Eyes Green
8456, Female, 2, Stringy Hair / Cigarette
8457, Male, 3, Frumpy Hair / Normal Beard / Clown Eyes Green
8458, Female, 3, Pipe / Eye Mask / Wild Hair
8459, Male, 3, Big Shades / Wild Hair / Earring
8460, Male, 3, Wild Hair / Classic Shades / Normal Beard
8461, Female, 3, Black Lipstick / Welding Goggles / Wild Hair
8462, Male, 3, Bandana / Pipe / Eye Patch
8463, Male, 4, Bandana / Frown / Muttonchops / Earring
8464, Male, 2, Frumpy Hair / Normal Beard
8465, Female, 3, Pilot Helmet / Purple Lipstick / Cigarette
8466, Male, 3, Handlebars / Headband / Eye Patch
8467, Female, 2, Tassle Hat / Gold Chain
8468, Male, 3, Mohawk Thin / Gold Chain / Earring
8469, Male, 4, Cigarette / Purple Hair / Mustache / Small Shades
8470, Female, 3, Mohawk Thin / Earring / Clown Eyes Blue
8471, Male, 3, Police Cap / Goat / 3D Glasses
8472, Zombie, 2, Mohawk Thin / Small Shades
8473, Male, 3, Cigarette / Crazy Hair / 3D Glasses
8474, Male, 2, Cap Forward / Horned Rim Glasses
8475, Male, 2, Peak Spike / Mole
8476, Male, 3, Stringy Hair / Cigarette / Earring
8477, Male, 2, Handlebars / Crazy Hair
8478, Male, 3, Peak Spike / Muttonchops / VR
8479, Male, 4, Clown Nose / Purple Hair / Earring / Nerd Glasses
8480, Male, 3, Cigarette / Frumpy Hair / Eye Mask
8481, Male, 3, Cigarette / Headband / Small Shades
8482, Male, 2, Mohawk Thin / Smile
8483, Female, 4, Green Eye Shadow / Frumpy Hair / Purple Lipstick / Earring
8484, Male, 3, Earring / Shaved Head / Regular Shades
8485, Female, 4, Tassle Hat / Vape / Black Lipstick / Purple Eye Shadow
8486, Male, 3, Police Cap / Silver Chain / Nerd Glasses
8487, Female, 3, Green Eye Shadow / Blonde Bob / Cigarette
8488, Male, 3, Eye Mask / Peak Spike / Goat
8489, Male, 2, Cap Forward / VR
8490, Male, 3, Frumpy Hair / Muttonchops / Eye Patch
8491, Male, 1, Chinstrap
8492, Male, 3, Frumpy Hair / Shadow Beard / Small Shades
8493, Female, 3, Pipe / Tiara / Hot Lipstick
8494, Male, 3, Peak Spike / Earring / Normal Beard
8495, Female, 4, Mole / Bandana / Purple Lipstick / Earring
8496, Female, 3, Gold Chain / Half Shaved / Clown Eyes Blue
8497, Female, 3, Black Lipstick / Purple Eye Shadow / Crazy Hair
8498, Ape, 2, Top Hat / Regular Shades
8499, Male, 3, Hoodie / Chinstrap / Rosy Cheeks
8500, Male, 3, Stringy Hair / Shadow Beard / Horned Rim Glasses
8501, Male, 3, Handlebars / Nerd Glasses / Do-rag
8502, Female, 3, Vape / Clown Eyes Green / Frumpy Hair
8503, Male, 3, Messy Hair / Muttonchops / Nerd Glasses
8504, Male, 3, Goat / Crazy Hair / Eye Patch
8505, Female, 2, Headband / Clown Eyes Blue
8506, Female, 3, Blue Eye Shadow / Medical Mask / Blonde Bob
8507, Male, 3, Hoodie / Big Shades / Smile
8508, Male, 3, Mohawk Thin / Classic Shades / Earring
8509, Female, 3, Green Eye Shadow / Mohawk Thin / Purple Lipstick
8510, Male, 3, Earring / VR / Mohawk
8511, Female, 2, Wild White Hair / Spots
8512, Female, 3, Blue Eye Shadow / Stringy Hair / Cigarette
8513, Male, 3, Wild Hair / Horned Rim Glasses / Normal Beard
8514, Female, 3, Horned Rim Glasses / Hot Lipstick / Straight Hair Dark
8515, Male, 2, Hoodie / Big Beard
8516, Female, 3, Vape / Hot Lipstick / Straight Hair Dark
8517, Male, 3, Bandana / Handlebars / Eye Patch
8518, Male, 3, Stringy Hair / Mustache / Regular Shades
8519, Female, 2, Mohawk / Hot Lipstick
8520, Male, 3, Shadow Beard / Small Shades / Cowboy Hat
8521, Male, 3, Luxurious Beard / Peak Spike / Big Shades
8522, Male, 3, Mohawk Thin / Muttonchops / VR
8523, Female, 3, Purple Eye Shadow / Crazy Hair / Earring
8524, Female, 2, Blue Eye Shadow / Clown Hair Green
8525, Male, 2, Clown Nose / Police Cap
8526, Female, 2, Classic Shades / Straight Hair Dark
8527, Female, 2, Eye Mask / Tiara
8528, Female, 3, Eye Mask / Black Lipstick / Stringy Hair
8529, Female, 3, VR / Purple Lipstick / Blonde Bob
8530, Male, 3, Cigarette / Fedora / Regular Shades
8531, Zombie, 3, Stringy Hair / Goat / Regular Shades
8532, Male, 2, Buck Teeth / Top Hat
8533, Female, 3, Half Shaved / Purple Lipstick / Nerd Glasses
8534, Male, 3, Messy Hair / Normal Beard Black / VR
8535, Female, 3, Green Eye Shadow / Dark Hair / Purple Lipstick
8536, Male, 3, Shadow Beard / Shaved Head / Eye Patch
8537, Female, 3, Hot Lipstick / Regular Shades / Straight Hair Dark
8538, Female, 3, Hot Lipstick / Stringy Hair / Clown Eyes Blue
8539, Female, 4, Green Eye Shadow / Hot Lipstick / Earring / Blonde Bob
8540, Male, 2, Normal Beard Black / Mohawk
8541, Male, 3, Normal Beard / Mohawk / Regular Shades
8542, Male, 2, Stringy Hair / Muttonchops
8543, Male, 3, Cap / Earring / Horned Rim Glasses
8544, Female, 3, Black Lipstick / Earring / Mohawk Dark
8545, Male, 3, Mohawk Thin / Shadow Beard / 3D Glasses
8546, Male, 2, Frown / Top Hat
8547, Male, 4, Cigarette / Frumpy Hair / Normal Beard Black / Classic Shades
8548, Female, 3, Bandana / Hot Lipstick / Clown Eyes Blue
8549, Male, 1, Muttonchops
8550, Male, 3, Shadow Beard / Purple Hair / 3D Glasses
8551, Male, 3, Earring / Knitted Cap / Smile
8552, Female, 3, Blue Eye Shadow / Black Lipstick / Pink With Hat
8553, Zombie, 1, Front Beard Dark
8554, Male, 3, Gold Chain / Fedora / Earring
8555, Male, 2, Knitted Cap / Regular Shades
8556, Female, 3, Tassle Hat / Black Lipstick / Purple Eye Shadow
8557, Male, 4, Front Beard / Eye Mask / Peak Spike / Pipe
8558, Male, 3, Wild Hair / Mustache / Earring
8559, Male, 3, Messy Hair / Front Beard Dark / Horned Rim Glasses
8560, Female, 3, Black Lipstick / Horned Rim Glasses / Straight Hair
8561, Male, 2, Cap Forward / Rosy Cheeks
8562, Male, 2, Beanie / Earring
8563, Male, 4, Cigarette / Earring / Nerd Glasses / Crazy Hair
8564, Male, 2, Cap Forward / Big Beard
8565, Female, 2, Blonde Short / Clown Eyes Blue
8566, Female, 2, Vape / Wild Blonde
8567, Male, 4, Frumpy Hair / Frown / Earring / Nerd Glasses
8568, Male, 2, Shadow Beard / VR
8569, Male, 3, Cap / Nerd Glasses / Big Beard
8570, Female, 3, Blue Eye Shadow / Black Lipstick / Straight Hair
8571, Male, 4, Bandana / Shadow Beard / Earring / Rosy Cheeks
8572, Male, 3, Cigarette / Mohawk / Regular Shades
8573, Male, 2, Goat / Do-rag
8574, Male, 4, Cap / Silver Chain / Earring / VR
8575, Male, 2, Purple Hair / VR
8576, Female, 3, Pigtails / 3D Glasses / Cigarette
8577, Female, 2, Silver Chain / Wild Blonde
8578, Male, 2, Nerd Glasses / Normal Beard
8579, Female, 3, Black Lipstick / Green Eye Shadow / Pink With Hat
8580, Female, 4, Cap / Clown Eyes Green / Purple Lipstick / Earring
8581, Male, 3, Beanie / Gold Chain / Horned Rim Glasses
8582, Female, 3, Pipe / Clown Eyes Green / Blonde Short
8583, Male, 2, Front Beard / Police Cap
8584, Male, 4, Clown Nose / Muttonchops / Earring / Mohawk
8585, Female, 3, Dark Hair / Purple Lipstick / Nerd Glasses
8586, Male, 2, Clown Eyes Blue / Mohawk Thin
8587, Male, 3, Wild Hair / Earring / Nerd Glasses
8588, Male, 3, Luxurious Beard / Headband / Small Shades
8589, Female, 2, Purple Eye Shadow / Pigtails
8590, Male, 2, Normal Beard Black / Cap Forward
8591, Male, 3, Muttonchops / Headband / Eye Patch
8592, Female, 3, Mole / Big Shades / Wild Blonde
8593, Male, 1, Normal Beard Black
8594, Male, 3, Nerd Glasses / Smile / Mohawk
8595, Female, 2, VR / Mohawk Dark
8596, Male, 4, Cigarette / Earring / Goat / Regular Shades
8597, Male, 2, Bandana / Normal Beard
8598, Male, 3, Big Shades / Shadow Beard / Shaved Head
8599, Male, 3, Normal Beard Black / Crazy Hair / Pipe
8600, Female, 2, Clown Eyes Green / Dark Hair
8601, Male, 2, Purple Hair / Classic Shades
8602, Female, 3, Messy Hair / Purple Eye Shadow / Purple Lipstick
8603, Male, 3, Stringy Hair / Normal Beard Black / Big Shades
8604, Female, 3, Blue Eye Shadow / Knitted Cap / Black Lipstick
8605, Female, 2, Blonde Short / Cigarette
8606, Male, 3, Luxurious Beard / Gold Chain / Knitted Cap
8607, Male, 2, Classic Shades / Shaved Head
8608, Male, 3, Cap / Smile / Medical Mask
8609, Male, 3, Frown / Earring / Mohawk Dark
8610, Male, 4, Cigarette / Cap Forward / Eye Patch / Mole
8611, Male, 3, Handlebars / Earring / Shaved Head
8612, Male, 2, Stringy Hair / VR
8613, Male, 3, Messy Hair / Big Shades / Earring
8614, Male, 4, Cap / Chinstrap / Earring / Clown Eyes Green
8615, Male, 3, Stringy Hair / Smile / Mole
8616, Male, 3, Cap / Front Beard Dark / Nerd Glasses
8617, Female, 4, Orange Side / Pipe / Big Shades / Earring
8618, Male, 5, Hoodie / Muttonchops / Earring / Medical Mask / Regular Shades
8619, Male, 3, Messy Hair / Shadow Beard / Classic Shades
8620, Male, 2, Beanie / Regular Shades
8621, Female, 4, Black Lipstick / Earring / Straight Hair Dark / Cigarette
8622, Male, 2, Smile / Regular Shades
8623, Female, 3, Black Lipstick / Regular Shades / Straight Hair Dark
8624, Male, 3, Mohawk Thin / Rosy Cheeks / Regular Shades
8625, Male, 2, Top Hat / Mole
8626, Male, 3, Peak Spike / Chinstrap / Earring
8627, Male, 4, Cigarette / Muttonchops / Earring / Do-rag
8628, Male, 2, Cap Forward / Clown Eyes Green
8629, Female, 2, Tassle Hat / Clown Nose
8630, Female, 2, Tiara / Purple Lipstick
8631, Female, 3, Purple Eye Shadow / Hot Lipstick / Straight Hair Dark
8632, Male, 3, Wild Hair / Classic Shades / Mole
8633, Male, 3, Cap Forward / Gold Chain / Regular Shades
8634, Male, 3, Frown / Pipe / Shaved Head
8635, Female, 3, Red Mohawk / Clown Eyes Green / Purple Lipstick
8636, Female, 3, Clown Eyes Green / Hot Lipstick / Blonde Bob
8637, Male, 3, Earring / Normal Beard / Headband
8638, Female, 3, Blue Eye Shadow / Silver Chain / Pink With Hat
8639, Female, 1, Clown Eyes Green
8640, Male, 2, Vampire Hair / Horned Rim Glasses
8641, Male, 2, Frumpy Hair / Clown Eyes Blue
8642, Male, 3, Bandana / Shadow Beard / Eye Patch
8643, Male, 3, Muttonchops / Silver Chain / Wild Hair
8644, Male, 2, Messy Hair / Clown Eyes Blue
8645, Male, 3, Front Beard / Cap / Horned Rim Glasses
8646, Female, 3, Blue Eye Shadow / Mohawk Thin / Purple Lipstick
8647, Female, 3, Horned Rim Glasses / Stringy Hair / Purple Lipstick
8648, Male, 3, Mohawk Thin / Eye Patch / Mole
8649, Male, 3, Muttonchops / Horned Rim Glasses / Do-rag
8650, Male, 3, Messy Hair / Big Shades / Shadow Beard
8651, Male, 4, Clown Nose / Shadow Beard / Horned Rim Glasses / Cowboy Hat
8652, Male, 2, Bandana / Chinstrap
8653, Male, 3, Cigarette / Peak Spike / Mole
8654, Male, 3, Gold Chain / Earring / Mohawk Dark
8655, Male, 3, Front Beard Dark / Earring / Mohawk Dark
8656, Female, 2, Mohawk Thin / Eye Patch
8657, Female, 2, Pipe / Mohawk
8658, Male, 4, Shadow Beard / Wild Hair / Pipe / Smile
8659, Male, 3, Stringy Hair / Gold Chain / Shadow Beard
8660, Male, 3, Front Beard / Earring / Medical Mask
8661, Male, 3, Shadow Beard / Horned Rim Glasses / Clown Hair Green
8662, Female, 2, Mole / Bandana
8663, Female, 4, Cap / Black Lipstick / Eye Patch / Cigarette
8664, Male, 3, Eye Mask / Luxurious Beard / Police Cap
8665, Female, 2, Red Mohawk / Purple Eye Shadow
8666, Male, 3, Peak Spike / Earring / Eye Patch
8667, Male, 3, Frown / Muttonchops / Wild Hair
8668, Male, 2, Handlebars / Wild Hair
8669, Female, 3, Medical Mask / Dark Hair / Clown Eyes Blue
8670, Female, 4, Silver Chain / Green Eye Shadow / Straight Hair Blonde / Purple Lipstick
8671, Male, 4, Cigarette / Muttonchops / Earring / Shaved Head
8672, Male, 3, Messy Hair / Clown Eyes Blue / Buck Teeth
8673, Male, 3, Luxurious Beard / Earring / Crazy Hair
8674, Female, 4, Pipe / Wild Hair / Purple Lipstick / Earring
8675, Male, 2, Clown Nose / Fedora
8676, Male, 2, Fedora / VR
8677, Male, 3, Cap / Rosy Cheeks / Small Shades
8678, Male, 3, Stringy Hair / Muttonchops / Eye Patch
8679, Male, 3, Big Shades / Chinstrap / Wild Hair
8680, Female, 3, Clown Nose / Blonde Bob / Cigarette
8681, Male, 3, Mohawk Thin / Big Shades / Normal Beard
8682, Male, 4, Cigarette / Nerd Glasses / Normal Beard / Shaved Head
8683, Female, 3, Mole / Wild Hair / Purple Lipstick
8684, Male, 4, Vampire Hair / Muttonchops / Earring / Horned Rim Glasses
8685, Male, 3, Stringy Hair / Smile / VR
8686, Male, 2, Hoodie / Gold Chain
8687, Male, 3, Fedora / Classic Shades / Mole
8688, Male, 2, Peak Spike / Muttonchops
8689, Male, 3, Cigarette / Classic Shades / Clown Hair Green
8690, Male, 2, Pipe / Mohawk Dark
8691, Male, 2, Vampire Hair / Big Shades
8692, Male, 3, Normal Beard Black / Headband / 3D Glasses
8693, Female, 3, Knitted Cap / Big Shades / Earring
8694, Male, 3, Peak Spike / Earring / Small Shades
8695, Male, 3, Cigarette / Earring / Mohawk Dark
8696, Male, 3, Vampire Hair / Big Shades / Medical Mask
8697, Female, 3, Black Lipstick / Mohawk / Welding Goggles
8698, Male, 3, Bandana / Luxurious Beard / Clown Eyes Green
8699, Male, 4, Earring / Crazy Hair / Eye Patch / Mole
8700, Male, 5, Cigarette / Frown / Hoodie / Classic Shades / Normal Beard
8701, Male, 4, Clown Nose / Normal Beard Black / Wild Hair / Mole
8702, Female, 4, Mole / Purple Lipstick / Earring / Mohawk Dark
8703, Male, 2, Do-rag / Clown Eyes Green
8704, Female, 3, Purple Eye Shadow / Straight Hair / Hot Lipstick
8705, Male, 2, Purple Hair / Clown Eyes Green
8706, Male, 3, Earring / Shaved Head / Mole
8707, Male, 4, Vampire Hair / Shadow Beard / Earring / Small Shades
8708, Male, 3, Peak Spike / Mustache / Medical Mask
8709, Female, 4, Green Eye Shadow / Hot Lipstick / Wild Blonde / Earring
8710, Male, 3, Luxurious Beard / Horned Rim Glasses / Mohawk
8711, Male, 2, Vampire Hair / Regular Shades
8712, Male, 4, Front Beard / Earring / Top Hat / Eye Patch
8713, Male, 2, Hoodie / Horned Rim Glasses
8714, Male, 3, Handlebars / Horned Rim Glasses / Do-rag
8715, Male, 4, Frown / Mustache / Mohawk / Clown Eyes Green
8716, Male, 3, Chinstrap / Headband / Medical Mask
8717, Male, 4, Normal Beard Black / Cap Forward / Earring / Horned Rim Glasses
8718, Male, 3, Wild Hair / Earring / Small Shades
8719, Female, 4, Tassle Hat / Blue Eye Shadow / Hot Lipstick / Earring
8720, Male, 3, Front Beard Dark / Classic Shades / Top Hat
8721, Male, 2, Stringy Hair / Pipe
8722, Female, 2, Cap / Black Lipstick
8723, Female, 2, Wild Blonde / Cigarette
8724, Male, 2, Nerd Glasses / Clown Hair Green
8725, Female, 3, Blue Eye Shadow / Pink With Hat / Purple Lipstick
8726, Female, 3, Vape / Black Lipstick / Clown Hair Green
8727, Male, 3, Cigarette / Frumpy Hair / Handlebars
8728, Male, 3, Handlebars / Nerd Glasses / Mohawk Dark
8729, Male, 3, Cigarette / Hoodie / Nerd Glasses
8730, Male, 3, Stringy Hair / Earring / Normal Beard
8731, Female, 3, Tiara / Hot Lipstick / Earring
8732, Female, 3, Spots / Classic Shades / Dark Hair
8733, Female, 2, Wild White Hair / Welding Goggles
8734, Male, 3, Bandana / Eye Mask / Normal Beard Black
8735, Male, 2, Cap / Mustache
8736, Female, 2, Messy Hair / Nerd Glasses
8737, Male, 3, Shadow Beard / Vape / Mohawk Dark
8738, Male, 2, Beanie / Clown Eyes Green
8739, Male, 2, Messy Hair / Regular Shades
8740, Male, 3, Mohawk Thin / Earring / Eye Patch
8741, Male, 4, Police Cap / Earring / Horned Rim Glasses / Normal Beard
8742, Female, 2, Eye Mask / Cigarette
8743, Male, 2, Clown Eyes Blue / Clown Hair Green
8744, Female, 2, Horned Rim Glasses / Clown Hair Green
8745, Female, 3, Black Lipstick / Purple Eye Shadow / Straight Hair Blonde
8746, Female, 3, Tassle Hat / Clown Eyes Green / Hot Lipstick
8747, Female, 3, Blue Eye Shadow / Purple Lipstick / Straight Hair Dark
8748, Male, 3, Mustache / Rosy Cheeks / Headband
8749, Female, 3, Clown Nose / Frumpy Hair / Cigarette
8750, Female, 3, Orange Side / Black Lipstick / Rosy Cheeks
8751, Male, 2, Normal Beard / Do-rag
8752, Male, 2, Beanie / Regular Shades
8753, Male, 5, Cap Forward / Buck Teeth / Front Beard Dark / Earring / Horned Rim Glasses
8754, Male, 3, Cap Forward / Mustache / Earring
8755, Female, 2, Horned Rim Glasses / Mohawk Thin
8756, Male, 3, Peak Spike / Rosy Cheeks / Small Shades
8757, Female, 3, Vape / Pigtails / Earring
8758, Male, 3, Classic Shades / Earring / Mohawk Dark
8759, Female, 3, Big Shades / Blonde Short / Earring
8760, Female, 3, Wild Blonde / Regular Shades / Purple Lipstick
8761, Male, 4, Cigarette / Cap / Front Beard Dark / Regular Shades
8762, Male, 3, Handlebars / Mohawk Thin / Vape
8763, Female, 2, Vape / Headband
8764, Female, 3, Pipe / Green Eye Shadow / Straight Hair
8765, Female, 2, Horned Rim Glasses / Straight Hair Dark
8766, Female, 3, Pipe / Classic Shades / Blonde Bob
8767, Female, 4, Wild White Hair / Horned Rim Glasses / Hot Lipstick / Earring
8768, Male, 3, Stringy Hair / Luxurious Beard / VR
8769, Female, 2, Mole / Mohawk Dark
8770, Male, 5, Normal Beard Black / Hoodie / Earring / Clown Eyes Green / Mole
8771, Female, 4, Straight Hair / Hot Lipstick / Classic Shades / Earring
8772, Male, 4, Front Beard / Frown / Hoodie / Small Shades
8773, Female, 4, Wild Hair / Earring / 3D Glasses / Cigarette
8774, Female, 4, Black Lipstick / Straight Hair / Earring / Cigarette
8775, Female, 3, Pipe / Black Lipstick / Straight Hair
8776, Female, 2, Green Eye Shadow / Straight Hair Blonde
8777, Male, 3, Cigarette / Handlebars / Wild Hair
8778, Male, 3, Frumpy Hair / Earring / Horned Rim Glasses
8779, Female, 2, Tiara / Clown Eyes Blue
8780, Zombie, 2, Frumpy Hair / Shadow Beard
8781, Male, 4, Frown / Big Shades / Shadow Beard / Knitted Cap
8782, Female, 2, Tassle Hat / Classic Shades
8783, Male, 4, Cigarette / Peak Spike / Big Shades / Goat
8784, Male, 4, Cap Forward / Chinstrap / Classic Shades / Earring
8785, Male, 3, Beanie / Luxurious Beard / Earring
8786, Male, 4, Earring / Crazy Hair / Smile / Regular Shades
8787, Female, 3, VR / Earring / Blonde Bob
8788, Male, 3, Front Beard / Bandana / Mole
8789, Male, 3, Messy Hair / Silver Chain / Normal Beard
8790, Female, 4, Pipe / Black Lipstick / Horned Rim Glasses / Wild Hair
8791, Male, 3, Small Shades / Big Beard / Cowboy Hat
8792, Female, 4, Purple Eye Shadow / Hot Lipstick / Stringy Hair / Earring
8793, Female, 2, Red Mohawk / Classic Shades
8794, Male, 3, Cigarette / Purple Hair / Horned Rim Glasses
8795, Female, 2, Black Lipstick / Blonde Short
8796, Male, 3, Muttonchops / Crazy Hair / VR
8797, Female, 4, Black Lipstick / Half Shaved / Clown Eyes Blue / Cigarette
8798, Male, 3, Messy Hair / Front Beard Dark / Vape
8799, Male, 2, Hoodie / Goat
8800, Female, 3, Red Mohawk / Purple Eye Shadow / Earring
8801, Male, 2, Top Hat / Smile
8802, Female, 4, Mole / Clown Eyes Green / Earring / Blonde Bob
8803, Male, 3, Frown / Chinstrap / Cowboy Hat
8804, Female, 3, Vape / Big Shades / Wild White Hair
8805, Female, 3, Gold Chain / Pilot Helmet / Purple Lipstick
8806, Male, 3, Shadow Beard / Knitted Cap / Small Shades
8807, Female, 3, Cap / Purple Lipstick / Clown Eyes Blue
8808, Male, 3, Bandana / Normal Beard Black / VR
8809, Female, 2, Stringy Hair / Rosy Cheeks
8810, Female, 3, Mohawk Thin / Classic Shades / Purple Lipstick
8811, Male, 3, Vampire Hair / Buck Teeth / Handlebars
8812, Male, 3, Frown / Earring / Shaved Head
8813, Female, 3, Cap / Horned Rim Glasses / Hot Lipstick
8814, Female, 3, Purple Eye Shadow / Stringy Hair / Earring
8815, Male, 2, Stringy Hair / Mole
8816, Male, 3, Wild Hair / Earring / Normal Beard
8817, Male, 3, Earring / Normal Beard / Mohawk Dark
8818, Female, 3, Mohawk / Medical Mask / Earring
8819, Male, 2, Medical Mask / Do-rag
8820, Male, 2, Eye Mask / Mohawk Thin
8821, Male, 3, Wild Hair / Earring / Big Beard
8822, Female, 3, Tassle Hat / Hot Lipstick / 3D Glasses
8823, Male, 3, Stringy Hair / Normal Beard Black / Small Shades
8824, Male, 3, Frumpy Hair / Nerd Glasses / Normal Beard
8825, Male, 4, Luxurious Beard / Mohawk Thin / Earring / Nerd Glasses
8826, Male, 2, Mohawk Thin / Chinstrap
8827, Male, 3, Clown Nose / Wild Hair / Earring
8828, Male, 3, Clown Eyes Blue / Hoodie / Normal Beard
8829, Female, 2, Mole / Red Mohawk
8830, Male, 4, Messy Hair / Frown / Classic Shades / Goat
8831, Male, 3, Mustache / Headband / Pipe
8832, Male, 3, Messy Hair / Big Shades / Muttonchops
8833, Male, 2, Messy Hair / Big Shades
8834, Male, 3, Police Cap / Shadow Beard / Earring
8835, Female, 2, Cap / Green Eye Shadow
8836, Female, 3, Purple Eye Shadow / Straight Hair / Hot Lipstick
8837, Female, 3, Purple Eye Shadow / Headband / Hot Lipstick
8838, Male, 3, Knitted Cap / 3D Glasses / Mole
8839, Male, 4, Cigarette / Luxurious Beard / Classic Shades / Shaved Head
8840, Male, 3, Beanie / Frown / Mustache
8841, Female, 3, Tassle Hat / Blue Eye Shadow / Black Lipstick
8842, Female, 3, Tiara / Classic Shades / Purple Lipstick
8843, Male, 2, Front Beard / Mohawk
8844, Male, 5, Cigarette / Luxurious Beard / Fedora / Earring / Nerd Glasses
8845, Male, 3, Cigarette / Do-rag / 3D Glasses
8846, Female, 3, Clown Nose / Gold Chain / Frumpy Hair
8847, Female, 3, Orange Side / Purple Lipstick / Cigarette
8848, Male, 3, Cigarette / Eye Mask / Peak Spike
8849, Female, 3, Horned Rim Glasses / Pink With Hat / Hot Lipstick
8850, Female, 3, Blonde Short / Purple Lipstick / Earring
8851, Male, 3, Beanie / Shadow Beard / Eye Patch
8852, Male, 3, Stringy Hair / Normal Beard Black / Horned Rim Glasses
8853, Male, 4, Stringy Hair / Front Beard Dark / Pipe / Regular Shades
8854, Female, 2, Knitted Cap / Big Shades
8855, Female, 3, Vape / Mohawk / Hot Lipstick
8856, Female, 2, Eye Mask / Blonde Bob
8857, Zombie, 2, Wild Hair / 3D Glasses
8858, Female, 3, Bandana / Clown Eyes Green / Earring
8859, Male, 2, Eye Mask / Shaved Head
8860, Male, 3, Cigarette / Luxurious Beard / Hoodie
8861, Male, 4, Chinstrap / Earring / Mohawk / Small Shades
8862, Female, 4, Big Shades / Black Lipstick / Gold Chain / Dark Hair
8863, Male, 3, Chinstrap / VR / Mohawk Dark
8864, Male, 3, Police Cap / Goat / Pipe
8865, Male, 2, Beanie / Horned Rim Glasses
8866, Male, 4, Luxurious Beard / Wild Hair / Earring / Horned Rim Glasses
8867, Female, 4, Pink With Hat / Medical Mask / Purple Lipstick / Rosy Cheeks
8868, Male, 3, Hoodie / Shadow Beard / 3D Glasses
8869, Male, 3, Bandana / Muttonchops / Regular Shades
8870, Male, 5, Cigarette / Luxurious Beard / Big Shades / Earring / Top Hat
8871, Male, 4, Stringy Hair / Front Beard / Earring / Small Shades
8872, Male, 4, Police Cap / Big Shades / Mustache / Earring
8873, Female, 3, Purple Eye Shadow / Blonde Short / Purple Lipstick
8874, Female, 3, Mole / Knitted Cap / Purple Eye Shadow
8875, Male, 3, Cigarette / Frown / Top Hat
8876, Male, 3, Mohawk Thin / Earring / Horned Rim Glasses
8877, Male, 3, Hoodie / Handlebars / Regular Shades
8878, Male, 3, Cigarette / Bandana / Normal Beard
8879, Male, 3, Classic Shades / Mustache / Crazy Hair
8880, Female, 2, Purple Eye Shadow / Half Shaved
8881, Male, 3, Top Hat / Medical Mask / Eye Patch
8882, Male, 4, Stringy Hair / Buck Teeth / Chinstrap / Earring
8883, Female, 3, Messy Hair / Eye Mask / Hot Lipstick
8884, Female, 4, Pilot Helmet / Purple Lipstick / Rosy Cheeks / Earring
8885, Female, 3, Blue Eye Shadow / Black Lipstick / Stringy Hair
8886, Female, 4, Tiara / Purple Eye Shadow / Hot Lipstick / Earring
8887, Female, 4, Horned Rim Glasses / Straight Hair Blonde / Purple Lipstick / Cigarette
8888, Female, 2, Red Mohawk / Eye Mask
8889, Male, 5, Luxurious Beard / Peak Spike / Vape / Classic Shades / Smile
8890, Female, 2, Tassle Hat / Eye Patch
8891, Female, 2, Frumpy Hair / Rosy Cheeks
8892, Male, 3, Muttonchops / Do-rag / Small Shades
8893, Female, 3, Messy Hair / Hot Lipstick / VR
8894, Male, 2, Mohawk / Mole
8895, Female, 3, Messy Hair / Hot Lipstick / Clown Eyes Blue
8896, Female, 4, Wild White Hair / Clown Eyes Green / Hot Lipstick / Cigarette
8897, Male, 3, Big Shades / Normal Beard / Mohawk Dark
8898, Male, 3, Nerd Glasses / Goat / Top Hat
8899, Male, 3, Stringy Hair / Buck Teeth / 3D Glasses
8900, Male, 2, Cap Forward / Buck Teeth
8901, Male, 3, Handlebars / Earring / Mohawk Dark
8902, Male, 2, Normal Beard / Small Shades
8903, Female, 3, Bandana / Hot Lipstick / Earring
8904, Female, 4, Cap / Clown Nose / Pipe / Purple Eye Shadow
8905, Female, 3, Mole / Wild Hair / Clown Eyes Blue
8906, Female, 3, Welding Goggles / Hot Lipstick / Stringy Hair
8907, Female, 3, Horned Rim Glasses / Pink With Hat / Earring
8908, Male, 4, Front Beard / Mohawk Thin / Smile / Small Shades
8909, Zombie, 3, Luxurious Beard / Police Cap / Regular Shades
8910, Male, 2, Police Cap / Nerd Glasses
8911, Male, 3, Big Shades / Normal Beard / Mohawk Dark
8912, Female, 3, Purple Eye Shadow / Hot Lipstick / Wild Blonde
8913, Male, 2, Vampire Hair / Big Shades
8914, Male, 3, Big Shades / Chinstrap / Headband
8915, Male, 3, Frumpy Hair / Earring / Small Shades
8916, Female, 3, Purple Eye Shadow / Pigtails / Cigarette
8917, Female, 3, Gold Chain / Headband / Cigarette
8918, Male, 4, Stringy Hair / Earring / Nerd Glasses / Smile
8919, Male, 3, Big Shades / Shadow Beard / Do-rag
8920, Male, 4, Stringy Hair / Cigarette / Buck Teeth / Clown Eyes Green
8921, Male, 4, Cigarette / Police Cap / Front Beard Dark / Nerd Glasses
8922, Female, 2, Hot Lipstick / Classic Shades
8923, Female, 2, Messy Hair / Horned Rim Glasses
8924, Female, 3, Black Lipstick / Horned Rim Glasses / Headband
8925, Male, 4, Cigarette / Horned Rim Glasses / Smile / Do-rag
8926, Male, 3, Bandana / Classic Shades / Smile
8927, Male, 2, Bandana / Silver Chain
8928, Female, 2, Hot Lipstick / VR
8929, Male, 5, Normal Beard Black / Big Shades / Earring / Do-rag / Mole
8930, Male, 3, Earring / Crazy Hair / Small Shades
8931, Male, 4, Shadow Beard / Vape / Do-rag / Small Shades
8932, Female, 4, Hot Lipstick / Half Shaved / Earring / Clown Eyes Blue
8933, Female, 2, Pipe / Dark Hair
8934, Male, 3, Police Cap / Muttonchops / Horned Rim Glasses
8935, Male, 3, Cigarette / Fedora / Smile
8936, Female, 3, Medical Mask / Wild Hair / Earring
8937, Female, 3, Horned Rim Glasses / Hot Lipstick / Frumpy Hair
8938, Male, 2, Bandana / Front Beard Dark
8939, Female, 3, Black Lipstick / Purple Eye Shadow / Straight Hair
8940, Male, 3, Chinstrap / Smile / Shaved Head
8941, Male, 2, Mustache / Headband
8942, Female, 2, Blue Eye Shadow / Stringy Hair
8943, Male, 3, Vape / Small Shades / Mohawk Dark
8944, Female, 3, Clown Eyes Green / Crazy Hair / Earring
8945, Male, 3, Earring / Mohawk Dark / Mole
8946, Male, 2, Bandana / Rosy Cheeks
8947, Male, 3, Eye Mask / Earring / Crazy Hair
8948, Male, 3, Spots / Classic Shades / Mohawk Dark
8949, Male, 4, Frumpy Hair / Vape / Classic Shades / Earring
8950, Female, 4, Knitted Cap / Hot Lipstick / Cigarette / Nerd Glasses
8951, Male, 3, Chinstrap / VR / Do-rag
8952, Female, 3, Black Lipstick / Bandana / Regular Shades
8953, Male, 2, Wild Hair / Medical Mask
8954, Female, 3, Messy Hair / Black Lipstick / Horned Rim Glasses
8955, Female, 3, Eye Mask / Black Lipstick / Half Shaved
8956, Male, 2, Vape / Mohawk
8957, Zombie, 2, Frumpy Hair / Luxurious Beard
8958, Male, 3, Beanie / Shadow Beard / Horned Rim Glasses
8959, Female, 3, Knitted Cap / Green Eye Shadow / Earring
8960, Male, 3, Handlebars / Nerd Glasses / Mohawk Dark
8961, Female, 2, Blue Eye Shadow / Mohawk Dark
8962, Female, 2, Tassle Hat / Nerd Glasses
8963, Male, 4, Cigarette / Handlebars / Shaved Head / Clown Eyes Green
8964, Female, 2, Big Shades / Half Shaved
8965, Male, 4, Luxurious Beard / Big Shades / Earring / Knitted Cap
8966, Female, 2, Orange Side / Purple Lipstick
8967, Male, 3, Hoodie / Big Shades / Vape
8968, Male, 3, Hoodie / Muttonchops / Regular Shades
8969, Male, 4, Police Cap / Earring / Normal Beard / VR
8970, Male, 2, Muttonchops / Mohawk Dark
8971, Male, 4, Luxurious Beard / Mohawk Thin / Classic Shades / Earring
8972, Female, 3, Eye Mask / Black Lipstick / Pigtails
8973, Female, 2, Mole / Frumpy Hair
8974, Male, 3, Cigarette / Hoodie / Clown Eyes Green
8975, Female, 2, Welding Goggles / Frumpy Hair
8976, Female, 2, Classic Shades / Dark Hair
8977, Female, 4, Crazy Hair / Hot Lipstick / Earring / Cigarette
8978, Male, 3, Chinstrap / Purple Hair / Horned Rim Glasses
8979, Male, 2, Normal Beard / Shaved Head
8980, Female, 4, Mole / Blue Eye Shadow / Hot Lipstick / Dark Hair
8981, Male, 2, Shadow Beard / Cowboy Hat
8982, Female, 4, Mole / Mohawk / Horned Rim Glasses / Purple Lipstick
8983, Female, 2, Earring / Cigarette
8984, Male, 3, Messy Hair / Front Beard Dark / Earring
8985, Male, 4, Eye Mask / Gold Chain / Front Beard Dark / Do-rag
8986, Female, 2, Blue Eye Shadow / Straight Hair Dark
8987, Male, 2, Chinstrap / Nerd Glasses
8988, Male, 3, Front Beard / Cap / Earring
8989, Female, 3, Blue Eye Shadow / Blonde Short / Earring
8990, Male, 3, Peak Spike / Pipe / VR
8991, Male, 2, Cap Forward / Regular Shades
8992, Male, 4, Handlebars / Big Shades / Earring / Mohawk
8993, Male, 3, Clown Eyes Blue / Luxurious Beard / Wild Hair
8994, Female, 3, Tiara / Clown Eyes Blue / Cigarette
8995, Male, 3, Eye Mask / Mustache / Shaved Head
8996, Male, 3, Cigarette / Earring / Knitted Cap
8997, Female, 3, Blue Eye Shadow / Hot Lipstick / Blonde Bob
8998, Male, 3, Clown Nose / Frown / Purple Hair
8999, Female, 4, Clown Eyes Green / Blonde Short / Purple Lipstick / Earring
